{"count":1,"self":4053.9373567999996,"total":4307.720369,"children":{"InitializeActuators":{"count":1,"self":0.003244,"total":0.003244,"children":null},"InitializeSensors":{"count":1,"self":0.0021019999999999997,"total":0.0021019999999999997,"children":null},"AgentSendState":{"count":14945,"self":0.186413,"total":1.080751,"children":{"CollectObservations":{"count":14945,"self":0.41357499999999997,"total":0.41357499999999997,"children":null},"WriteActionMask":{"count":14945,"self":0.027156999999999997,"total":0.027156999999999997,"children":null},"RequestDecision":{"count":14945,"self":0.128113,"total":0.45360599999999995,"children":{"AgentInfo.ToProto":{"count":14945,"self":0.10553699999999999,"total":0.325493,"children":{"GenerateSensorData":{"count":14945,"self":0.21995599999999998,"total":0.21995599999999998,"children":null}}}}}}},"DecideAction":{"count":14945,"self":250.93862399999998,"total":250.93863499999998,"children":null},"AgentAct":{"count":14945,"self":1.7566389999999998,"total":1.757545,"children":{"AgentInfo.ToProto":{"count":50,"self":0.00032399999999999996,"total":0.000906,"children":{"GenerateSensorData":{"count":50,"self":0.00058199999999999994,"total":0.00058199999999999994,"children":null}}}}}},"gauges":{"TaxiAgent.CumulativeReward":{"count":50,"max":102.829468,"min":-21.9424381,"runningAverage":47.7009964,"value":23.1567116,"weightedAverage":33.3573456}},"metadata":{"timer_format_version":"0.1.0","start_time_seconds":"1782591481","unity_version":"6000.3.16f1","command_line_arguments":"\/home\/vittorio\/Unity\/Hub\/Editor\/6000.3.16f1\/Editor\/Unity -projectpath \/home\/vittorio\/Unity_Lidar_Sim\/unity_ros_lidar -acceptSoftwareTermsForThisRunOnly -useHub -hubIPC -cloudEnvironment production","communication_protocol_version":"1.5.0","com.unity.ml-agents_version":"4.0.3","scene_name":"SampleScene 1","end_time_seconds":"1782595789"}}